Method,ROUGE-1,ROUGE-2,ROUGE-L
Naive RAG,0.21877509896484315,0.06700928913931574,0.1418189766974688
Contextual Retrieval,0.2237468967669994,0.0762432226116611,0.1533749829811043
