{
  "naive_rag": {
    "ROUGE-1": 0.21877509896484315,
    "ROUGE-2": 0.06700928913931574,
    "ROUGE-L": 0.1418189766974688
  },
  "contextual_retrieval": {
    "ROUGE-1": 0.2237468967669994,
    "ROUGE-2": 0.0762432226116611,
    "ROUGE-L": 0.1533749829811043
  }
}